{"cameraMode":{"drawMode":0,"name":"Shaded","section":"Shading Mode"},"sceneLighting":true,"audioPlay":false,"sceneViewState":{"showFog":true,"showMaterialUpdate":false,"showSkybox":true,"showFlares":true,"showImageEffects":true,"showParticleSystems":true},"in2DMode":false,"pivot":{"x":11.74345588684082,"y":23.41122817993164,"z":-11.70303726196289},"rotation":{"x":0.2845912277698517,"y":0.4405056834220886,"z":-0.1495618373155594,"w":0.8382087349891663},"size":7.271281719207764,"orthographic":false}